[
  {
    "id": 1,
    "name": "Toyota Camry",
    "brand": "Toyota",
    "model": "Camry",
    "year": 2022,
    "seats": 5,
    "fuelType": "Gasoline",
    "mileage": "25 mpg",
    "transmission": "Automatic",
    "price": "$25,000",
    "image": "https://ymimg1.b8cdn.com/resized/car_model/8456/pictures/9008133/mobile_listing_main_01.jpg"
  },
  {
    "id": 2,
    "name": "Honda Civic",
    "brand": "Honda",
    "model": "Civic",
    "year": 2021,
    "seats": 5,
    "fuelType": "Gasoline",
    "mileage": "28 mpg",
    "transmission": "Automatic",
    "price": "$22,500",
    "image": "https://delen.s3.ap-southeast-1.amazonaws.com/small_Modern_Steel_Metallic_049bb2c879_365f5506d2.jpg"
  },
  {
    "id": 3,
    "name": "Ford Mustang",
    "brand": "Ford",
    "model": "Mustang",
    "year": 2022,
    "seats": 4,
    "fuelType": "Gasoline",
    "mileage": "20 mpg",
    "transmission": "Manual",
    "price": "$35,000",
    "image": "https://stimg.cardekho.com/images/car-images/large/Ford/Ford-Mustang/3835/ford-mustang-magnetic_3e3e3e.jpg?impolicy=resize&imwidth=420"
  },
  {
    "id": 4,
    "name": "Nissan Altima",
    "brand": "Nissan",
    "model": "Altima",
    "year": 2021,
    "seats": 5,
    "fuelType": "Gasoline",
    "mileage": "26 mpg",
    "transmission": "Automatic",
    "price": "$23,800",
    "image": "https://crdms.images.consumerreports.org/c_lfill,w_470,q_auto,f_auto/prod/cars/chrome/white/2022NIC040076_1280_01"
  },
  {
    "id": 5,
    "name": "Chevrolet Tahoe",
    "brand": "Chevrolet",
    "model": "Tahoe",
    "year": 2022,
    "seats": 8,
    "fuelType": "Gasoline",
    "mileage": "18 mpg",
    "transmission": "Automatic",
    "price": "$50,000",
    "image": "https://www.chevrolet.com.co/bypass/gmccontenthub/chevrolet/gm-co/colorizer_tahoe/images/colorizer/2022-tahoe-z71-colorizer-01-fi.png"
  },
  {
    "id": 6,
    "name": "Volkswagen Golf",
    "brand": "Volkswagen",
    "model": "Golf",
    "year": 2021,
    "seats": 5,
    "fuelType": "Diesel",
    "mileage": "32 mpg",
    "transmission": "Automatic",
    "price": "$24,500",
    "image": "https://www.autopodbaba.cz/content/files/images/landing_page_PKW/golf_z.png"
  },
  {
    "id": 7,
    "name": "Hyundai Sonata",
    "brand": "Hyundai",
    "model": "Sonata",
    "year": 2022,
    "seats": 5,
    "fuelType": "Hybrid",
    "mileage": "42 mpg",
    "transmission": "Automatic",
    "price": "$28,900",
    "image": "https://cars.usnews.com/static/images/Auto/izmo/Colors/hyundai_14sonatalimited5a_desertbronze.jpg"
  },
  {
    "id": 8,
    "name": "BMW 3 Series",
    "brand": "BMW",
    "model": "3 Series",
    "year": 2021,
    "seats": 5,
    "fuelType": "Gasoline",
    "mileage": "24 mpg",
    "transmission": "Automatic",
    "price": "$40,500",
    "image": "https://www.bmw.in/content/dam/bmw/marketIN/bmw_in/all-models/3-series/gl/2023/3gl-navigation.png"
  },
  {
    "id": 9,
    "name": "Audi Q5",
    "brand": "Audi",
    "model": "Q5",
    "year": 2022,
    "seats": 5,
    "fuelType": "Gasoline",
    "mileage": "27 mpg",
    "transmission": "Automatic",
    "price": "$48,200",
    "image": "https://imgd.aeplcdn.com/1056x594/n/jyhp9ua_1545009.jpg?q=80"
  },
  {
    "id": 10,
    "name": "Jeep Wrangler",
    "brand": "Jeep",
    "model": "Wrangler",
    "year": 2021,
    "seats": 4,
    "fuelType": "Gasoline",
    "mileage": "20 mpg",
    "transmission": "Automatic",
    "price": "$38,900",
    "image": "https://file.kelleybluebookimages.com/kbb/base/evox/CP/50549/2022-Jeep-Wrangler%20Unlimited-front_50549_032_2400x1800_PW7.png"
  }
]
